 SERIES, DATE OF LISTING, ISIN NUMBER
EQ,06-OCT-2008,INE144J01027
EQ,03-MAY-1995,INE253B01015
EQ,22-APR-2005,INE748C01020
EQ,13-AUG-2004,INE470A01017
EQ,19-JUL-1995,INE105C01023
EQ,16-NOV-2017,INE618L01018
EQ,20-JUN-2005,INE111B01023
EQ,29-JAN-2014,INE650K01021
EQ,23-DEC-2010,INE619I01012
EQ,19-SEP-2003,INE767A01016
EQ,08-FEB-1995,INE769A01020
EQ,21-NOV-2006,INE273D01019
EQ,08-OCT-2018,INE216P01012
EQ,29-MAR-1995,INE421A01028
EQ,08-FEB-1995,INE117A01022
EQ,08-JAN-2010,INE358A01014
EQ,01-SEP-2017,INE674K01013
EQ,17-JUL-2013,INE647O01011
BZ,11-APR-2007,INE067H01016
EQ,14-JUN-2016,INE251C01017
EQ,20-NOV-1996,INE012A01025
EQ,01-DEC-1999,INE793A01012
EQ,26-SEP-2006,INE731H01025
EQ,04-JUN-1997,INE423A01024
EQ,05-NOV-2018,INE399L01023
EQ,18-JUN-2018,INE364U01010
EQ,27-NOV-2007,INE742F01042
EQ,20-AUG-2009,INE814H01011
EQ,31-JUL-2015,INE931S01010
EQ,15-SEP-2010,INE982B01019
EQ,05-APR-2006,INE400H01019
EQ,01-JUL-2016,INE452L01012
EQ,06-APR-2015,INE172N01012
EQ,10-MAY-1995,INE045A01017
EQ,13-AUG-1997,INE737B01033
EQ,25-JUL-2007,INE102I01027
EQ,25-JUN-2007,INE199C01026
EQ,01-AUG-2016,INE837H01020
EQ,03-APR-1996,INE208C01025
EQ,26-MAY-2014,INE204E01012
EQ,22-JUL-2003,INE676A01019
EQ,20-JUL-2017,INE517U01013
EQ,28-JAN-2014,INE449G01018
EQ,11-AUG-2010,INE926K01017
EQ,14-DEC-2009,INE758C01029
EQ,05-AUG-2010,INE915K01010
EQ,14-DEC-2005,INE212H01026
EQ,02-DEC-2015,INE428O01016
EQ,12-SEP-2018,INE743C01021
EQ,29-MAY-2000,INE031B01049
EQ,16-JUN-2009,INE298G01027
EQ,28-MAR-2017,INE542B01011
EQ,18-AUG-2000,INE523B01011
EQ,28-JUN-2001,INE133A01011
EQ,30-JUN-2015,INE914E01040
EQ,14-JUN-2016,INE155C01010
EQ,29-NOV-2002,INE428A01015
BE,31-JUL-2007,INE964B01033
EQ,22-SEP-1999,INE426A01027
EQ,29-SEP-2006,INE062D01024
EQ,06-NOV-2008,INE773I01017
EQ,23-DEC-2015,INE540L01014
EQ,26-NOV-2007,INE150B01021
EQ,23-JUN-2006,INE418H01029
EQ,09-MAY-2005,INE835G01018
EQ,16-JUN-2008,INE326B01027
EQ,10-APR-1996,INE270A01011
EQ,06-AUG-2007,INE385I01010
EQ,11-MAY-2007,INE137C01018
EQ,05-SEP-2003,INE885A01032
EQ,30-JAN-2018,INE371P01015
EQ,29-JAN-2008,INE540G01014
EQ,18-FEB-1998,INE079A01024
EQ,19-MAR-2007,INE005I01014
EQ,08-FEB-1995,INE606A01024
EQ,02-JAN-2015,INE098F01031
EQ,27-SEP-2006,INE242C01024
EQ,04-APR-2001,INE434A01013
EQ,08-NOV-2010,INE666E01012
EQ,01-NOV-1995,INE715B01013
BE,12-FEB-2007,INE017D01010
EQ,21-MAY-2008,INE087B01017
BE,14-MAR-2013,INE106I01010
EQ,27-JAN-2006,INE436A01026
EQ,06-OCT-2006,INE880B01015
BE,31-DEC-1997,INE414B01021
EQ,12-JUL-2004,INE372A01015
EQ,10-APR-2017,INE071F01012
EQ,06-SEP-1995,INE116A01024
EQ,04-SEP-2017,INE346W01013
EQ,14-DEC-2011,INE702C01019
EQ,20-SEP-2011,INE901L01018
EQ,22-JAN-2018,INE713T01010
EQ,10-JAN-1996,INE437A01024
EQ,31-MAY-1995,INE438A01022
BE,28-JAN-2015,INE451F01024
EQ,27-SEP-2002,INE266F01018
EQ,04-JUL-2008,INE877I01016
EQ,02-SEP-1998,INE731A01020
EQ,16-APR-2014,INE574I01035
EQ,18-OCT-1995,INE610C01014
EQ,11-JAN-2008,INE298I01015
EQ,26-DEC-2006,INE413D01011
EQ,28-MAR-2017,INE643K01018
EQ,14-JUN-2016,INE109C01017
EQ,24-APR-2007,INE210C01013
BE,21-MAY-2015,INE570D01018
EQ,11-MAY-2009,INE933J01015
EQ,14-DEC-2009,INE968D01022
EQ,03-MAR-2010,INE267I01010
EQ,08-FEB-1995,INE034A01011
EQ,26-AUG-2015,INE034S01021
EQ,18-MAR-1998,INE439A01020
EQ,29-AUG-2011,INE228I01012
EQ,12-MAR-2002,INE900C01027
EQ,20-SEP-1995,INE348A01023
EQ,29-JUN-2011,INE365D01021
BE,27-JUL-1995,INE440A01010
EQ,14-OCT-2010,INE442H01029
EQ,25-MAY-1995,INE208A01029
EQ,07-APR-2010,INE363A01022
EQ,31-MAY-1995,INE021A01026
EQ,23-AUG-2007,INE022I01019
EQ,14-JUN-2016,INE991I01015
EQ,29-SEP-2006,INE442A01024
EQ,25-NOV-2009,INE563J01010
EQ,26-FEB-2018,INE914M01019
EQ,20-MAR-2007,INE006I01046
EQ,01-NOV-2004,INE386C01029
EQ,04-MAY-2001,INE203A01020
EQ,29-DEC-2017,INE646X01014
EQ,06-DEC-2002,INE209A01019
EQ,25-SEP-2006,INE285H01022
BE,23-OCT-1996,INE446A01025
EQ,06-MAY-1998,INE100A01010
EQ,26-JUN-2013,INE951D01028
EQ,10-JUL-2017,INE949L01017
EQ,25-OCT-2005,INE132H01018
EQ,19-JUL-2000,INE406A01037
EQ,17-APR-1996,INE218C01016
EQ,29-MAY-2003,INE449A01011
EQ,31-JAN-2007,INE718H01014
EQ,31-MAY-1995,INE448A01013
EQ,28-JUL-2017,INE349W01017
EQ,15-APR-2015,INE871C01038
EQ,10-JAN-2007,INE488D01021
EQ,16-NOV-1998,INE238A01034
EQ,21-DEC-2000,INE555B01013
EQ,14-AUG-2015,INE193B01039
EQ,12-NOV-2012,INE878I01014
EQ,17-OCT-2003,INE116D01028
EQ,26-MAY-2008,INE917I01010
EQ,18-AUG-2010,INE933K01021
EQ,02-NOV-2007,INE193E01025
EQ,26-MAY-2008,INE918I01018
EQ,10-MAY-1995,INE306A01021
EQ,15-MAR-1995,INE118A01012
EQ,01-APR-2003,INE296A01024
EQ,22-NOV-2000,INE794B01026
EQ,05-APR-2007,INE050E01027
EQ,28-JUL-2015,INE875R01011
EQ,27-JAN-2006,INE787D01026
EQ,31-MAR-2008,INE294A01037
EQ,06-JUL-1995,INE164A01016
EQ,08-MAY-2006,INE083D01012
EQ,08-FEB-1995,INE119A01028
EQ,07-JUL-1995,INE655B01011
EQ,28-MAY-2003,INE459A01010
EQ,22-DEC-2006,INE213C01025
EQ,27-MAR-2018,INE545U01014
EQ,20-FEB-2008,INE863I01016
EQ,19-FEB-1997,INE028A01039
EQ,30-APR-1997,INE084A01016
EQ,11-APR-2007,INE629D01012
EQ,12-JAN-2006,INE855F01034
EQ,17-MAY-1995,INE373A01013
EQ,14-NOV-2005,INE186H01014
EQ,18-JUN-2003,INE176A01028
EQ,08-JAN-2010,INE462A01022
EQ,21-NOV-2006,INE464A01028
EQ,03-APR-1996,INE050A01025
EQ,08-MAY-2015,INE425B01027
EQ,23-MAR-2018,INE171Z01018
EQ,13-JAN-2015,INE520H01022
EQ,14-OCT-2010,INE844K01012
EQ,19-JUL-2000,INE263A01024
EQ,05-NOV-2003,INE258A01016
EQ,21-MAR-2005,INE922A01025
EQ,24-NOV-1999,INE463A01038
EQ,14-JAN-2011,INE878K01010
EQ,03-MAY-2007,INE243D01012
BE,28-JUL-2011,INE224M01013
EQ,03-JAN-2008,INE661I01014
EQ,02-MAR-2016,INE354C01027
EQ,17-MAY-2017,INE458B01036
EQ,20-JUL-2017,INE363W01018
EQ,30-JAN-2017,INE474E01029
EQ,16-AUG-2010,INE180K01011
EQ,04-APR-2003,INE465A01025
EQ,03-APR-1996,INE561C01019
EQ,11-OCT-1995,INE838B01013
EQ,01-APR-2016,INE316L01019
EQ,15-FEB-2002,INE397D01024
EQ,11-NOV-2003,INE257A01026
EQ,02-SEP-2016,INE412U01017
EQ,12-APR-2000,INE828A01016
BE,15-FEB-2011,INE607L01029
EQ,27-SEP-2006,INE071A01013
EQ,28-AUG-1996,INE143A01010
EQ,07-APR-2004,INE376G01013
BE,12-JUN-1996,INE829A01014
EQ,06-DEC-1995,INE800A01015
EQ,12-APR-1995,INE340A01012
BE,07-FEB-2008,INE865C01022
EQ,30-MAR-2015,INE831Q01016
EQ,31-MAY-2000,INE791A01024
EQ,26-JUL-2010,INE416D01022
EQ,17-MAR-2006,INE350H01032
EQ,14-JUN-2016,INE153T01027
EQ,08-FEB-1995,INE113O01014
BE,16-FEB-2000,INE472B01011
EQ,12-DEC-2002,INE233B01017
EQ,15-JUN-2000,INE472A01039
EQ,22-AUG-2011,INE338D01028
EQ,26-APR-1995,INE032A01023
EQ,25-MAY-2018,INE666D01022
EQ,12-MAY-2003,INE323A01026
EQ,13-SEP-1995,INE029A01011
EQ,14-JUN-1995,INE110A01019
EQ,05-DEC-2005,INE589G01011
EQ,31-DEC-2007,INE791I01019
EQ,05-NOV-1998,INE216A01030
EQ,18-SEP-2017,INE727S01012
EQ,05-SEP-2011,INE650L01011
EQ,03-FEB-2017,INE118H01025
EQ,07-FEB-2001,INE395A01016
EQ,27-JUL-1995,INE594B01012
EQ,03-JAN-2008,INE817H01014
EQ,28-APR-2014,INE295F01017
BE,23-NOV-2007,INE139I01011
EQ,15-APR-2015,INE319B01014
EQ,18-APR-2000,INE010B01027
EQ,28-JUN-2000,INE526B01014
EQ,20-JAN-2015,INE052I01032
EQ,23-DEC-2002,INE476A01014
EQ,26-FEB-2007,INE874H01015
EQ,10-MAY-1995,INE477A01020
EQ,12-OCT-2010,INE068L01016
EQ,25-SEP-2017,INE264T01014
EQ,23-JUN-2014,INE475E01026
BE,16-JAN-2017,INE707C01018
EQ,03-APR-1996,INE120A01034
EQ,06-OCT-2010,INE521J01018
EQ,26-DEC-2012,INE752H01013
EQ,27-JUN-2005,INE068D01021
EQ,14-MAR-2014,INE172A01027
EQ,15-OCT-2007,INE429I01024
EQ,03-FEB-2015,INE652F01027
EQ,07-JUN-2004,INE421D01022
EQ,30-JUN-2017,INE736A01011
EQ,01-FEB-2008,INE482A01020
BE,18-OCT-2010,INE209L01016
EQ,12-JAN-2006,INE185H01016
EQ,17-JUL-2007,INE221I01017
EQ,10-MAY-1995,INE485A01015
EQ,20-JUL-2004,INE281A01026
EQ,21-AUG-2007,INE483A01010
EQ,04-APR-2018,INE660C01027
EQ,05-OCT-2007,INE320B01020
EQ,23-MAR-2006,INE348B01021
EQ,27-JUN-2003,INE055A01016
EQ,02-NOV-2007,INE739E01017
EQ,26-JUN-2013,INE345B01019
EQ,08-FEB-1995,INE486A01013
EQ,25-JAN-2019,INE425Y01011
EQ,29-OCT-2010,INE180C01026
EQ,01-MAR-1995,INE067A01029
EQ,07-FEB-2019,INE427F01016
EQ,14-JUN-1995,INE085A01013
EQ,25-APR-2018,INE783X01023
EQ,07-JUN-2000,INE178A01016
EQ,15-MAY-1996,INE121A01016
BE,29-MAY-2012,INE662C01015
EQ,13-OCT-2014,INE675C01017
EQ,08-SEP-2011,INE184C01028
EQ,13-JUN-2012,INE704H01022
EQ,02-MAY-2000,INE039B01026
EQ,08-FEB-1995,INE059A01026
EQ,31-MAR-2017,INE201M01011
EQ,14-JUN-1995,INE492A01029
EQ,29-NOV-2016,INE981B01011
EQ,01-JAN-2014,INE672K01025
EQ,04-NOV-2010,INE522F01014
EQ,11-AUG-2017,INE704P01017
EQ,02-NOV-2015,INE335K01011
EQ,17-DEC-2007,INE259A01022
EQ,07-JUL-2016,INE070C01037
EQ,02-MAR-2012,INE453B01029
EQ,07-MAY-1997,INE111A01025
EQ,29-MAR-2005,INE025A01027
EQ,24-JUN-2016,INE663B01015
EQ,25-MAR-1996,INE558D01021
EQ,13-FEB-2008,INE792I01017
EQ,31-MAY-1995,INE169A01031
EQ,01-DEC-1997,INE112A01023
EQ,25-MAY-1995,INE757A01017
EQ,22-JAN-2009,INE695B01025
EQ,11-DEC-2009,INE008I01026
EQ,20-DEC-2000,INE230B01021
EQ,23-AUG-2018,INE741K01010
EQ,27-DEC-2006,INE559D01011
EQ,28-JUN-1995,INE007A01025
EQ,13-MAY-2016,INE299U01018
EQ,07-FEB-2007,INE627H01017
EQ,25-AUG-1998,INE491A01021
EQ,24-APR-1996,INE144D01012
EQ,29-MAR-1995,INE298A01020
EQ,16-SEP-2016,INE509F01011
BE,30-MAY-2000,INE117B01012
EQ,10-JUN-2005,INE278G01037
EQ,27-JAN-1999,INE214A01019
EQ,30-SEP-1998,INE136B01020
EQ,18-DEC-2006,INE818H01020
EQ,28-APR-1999,INE016A01026
EQ,22-JAN-2019,INE00R701025
EQ,17-JAN-1996,INE495A01022
EQ,04-JUL-2016,INE497D01022
EQ,07-MAY-2004,INE365B01017
EQ,06-JAN-2010,INE950I01011
EQ,11-AUG-2016,INE917M01012
BE,24-FEB-2010,INE879I01012
EQ,29-FEB-2012,INE921B01025
EQ,21-SEP-2017,INE385W01011
EQ,27-OCT-2006,INE503A01015
EQ,29-MAR-1995,INE498A01018
EQ,21-MAY-1997,INE891B01012
EQ,12-APR-1995,INE499A01024
EQ,25-MAY-1995,INE500A01029
EQ,02-AUG-2007,INE583C01021
EQ,17-JAN-2003,INE501A01019
EQ,29-SEP-2010,INE288B01029
EQ,09-MAR-2010,INE677H01012
EQ,02-NOV-2007,INE124G01033
EQ,18-OCT-1995,INE393A01011
EQ,24-NOV-2009,INE947J01015
EQ,15-JAN-1997,INE077A01010
EQ,07-AUG-1997,INE244A01016
EQ,29-DEC-2016,INE456C01020
EQ,29-MAR-1995,INE041A01016
EQ,01-APR-2004,INE680A01011
EQ,29-JUN-2011,INE435G01025
EQ,22-MAY-1996,INE988C01014
EQ,01-OCT-2002,INE202B01012
EQ,18-MAR-2011,INE320L01011
EQ,05-OCT-2017,INE393P01035
BZ,29-SEP-2010,INE989C01012
EQ,30-AUG-1995,INE303A01010
EQ,13-JUL-2016,INE731U01010
EQ,18-APR-2007,INE836F01026
EQ,12-MAR-2003,INE361B01024
EQ,18-SEP-2017,INE935N01012
EQ,05-JUL-2007,INE271C01023
EQ,18-DEC-2009,INE250K01012
EQ,21-MAR-2017,INE192R01011
BE,11-DEC-2017,INE016M01021
EQ,21-APR-2017,INE325C01035
EQ,06-OCT-2006,INE920A01011
EQ,20-DEC-2006,INE668D01028
EQ,21-APR-2008,INE360C01024
EQ,20-JUN-2011,INE656K01010
EQ,15-JAN-2004,INE506A01018
EQ,30-MAY-2003,INE089A01023
EQ,01-DEC-2011,INE417B01040
EQ,20-JAN-2015,INE341R01014
EQ,09-OCT-2012,INE741L01018
EQ,11-JAN-2008,INE477B01010
EQ,31-DEC-2004,INE366A01041
EQ,14-SEP-2006,INE221B01012
EQ,19-JUL-2017,INE256H01015
BE,03-JUL-1996,INE962C01027
EQ,23-JUL-1997,INE268C01029
EQ,24-SEP-2007,INE588B01014
EQ,31-DEC-2007,INE738I01010
EQ,12-DEC-2007,INE532F01054
EQ,26-NOV-2007,INE180G01019
BZ,13-JAN-2006,INE216H01027
EQ,07-SEP-2004,INE066A01013
EQ,10-MAY-1995,INE126A01031
EQ,08-APR-2008,INE276C01014
EQ,08-FEB-1995,INE230A01023
EQ,17-APR-1996,INE158B01016
EQ,15-DEC-2005,INE184H01027
EQ,09-MAR-2007,INE311H01018
EQ,29-SEP-2006,INE205B01023
EQ,20-JUN-2003,INE086A01029
EQ,20-AUG-2007,INE822G01016
EQ,22-NOV-1995,INE285A01027
EQ,10-AUG-2011,INE819L01012
EQ,03-AUG-2006,INE548C01032
EQ,28-JUL-2010,INE778K01012
EQ,15-DEC-2005,INE078A01026
EQ,28-APR-2006,INE296H01011
EQ,24-FEB-2010,INE753K01015
EQ,19-OCT-2016,INE913H01037
EQ,02-NOV-2007,INE306C01019
EQ,20-AUG-1997,INE510A01028
EQ,15-FEB-2006,INE265F01028
EQ,07-JUN-2012,INE076H01025
EQ,21-APR-2016,INE988K01017
EQ,29-JUN-2017,INE406M01024
EQ,06-OCT-2010,INE416L01017
EQ,01-NOV-1995,INE284A01012
EQ,01-MAR-1995,INE042A01014
EQ,15-NOV-2011,INE122M01019
EQ,28-DEC-2006,INE825H01017
EQ,11-FEB-2002,INE255A01020
EQ,20-JUN-2011,INE778B01029
BE,09-MAR-2007,INE649H01011
BE,15-OCT-2009,INE063J01011
EQ,31-JAN-1996,INE022C01012
EQ,27-APR-2005,INE128A01029
EQ,29-MAR-1995,INE295A01018
EQ,03-AUG-2009,INE688J01015
EQ,16-JUN-2004,INE223G01017
EQ,16-JUN-2004,INE369A01029
EQ,17-JUN-2003,INE302A01020
EQ,12-APR-1995,INE188A01015
EQ,08-MAY-2015,INE959A01019
EQ,15-JAN-2015,INE045J01026
EQ,04-JUL-2013,INE220J01025
BE,21-SEP-2005,INE512B01022
EQ,07-AUG-1997,INE258B01022
EQ,08-FEB-1995,INE171A01029
EQ,05-NOV-2001,INE623B01027
EQ,13-FEB-2009,IN9623B01058
EQ,19-OCT-2006,INE737H01014
EQ,29-AUG-2011,INE816B01027
EQ,15-FEB-1995,INE235A01022
EQ,02-JUL-2018,INE686Y01026
EQ,08-FEB-1995,INE183A01016
EQ,19-OCT-2011,INE060J01017
EQ,01-OCT-2013,INE452O01016
EQ,08-FEB-1995,INE529A01010
EQ,31-DEC-2010,INE360L01017
EQ,09-MAY-2007,INE061F01013
EQ,05-MAY-2003,INE519A01011
EQ,29-AUG-2016,INE752P01024
EQ,18-DEC-2017,INE935Q01015
EQ,22-FEB-2007,INE684F01012
EQ,20-APR-2005,INE524A01029
EQ,11-OCT-2000,INE036B01022
EQ,02-APR-1997,INE129A01019
EQ,27-OCT-2010,INE482J01021
EQ,08-FEB-2018,INE600K01018
EQ,04-APR-2006,INE297H01019
EQ,11-OCT-2010,INE528K01029
EQ,03-APR-2008,INE181G01025
EQ,31-JAN-2007,INE524B01027
EQ,09-MAR-2015,INE845D01014
EQ,02-MAR-2007,INE460C01014
EQ,28-JUL-2017,INE335W01016
BZ,07-APR-2006,INE670B01028
EQ,01-APR-2003,INE526A01016
EQ,03-APR-2007,INE276A01018
EQ,10-OCT-2006,INE152B01027
EQ,28-JUN-2018,INE287Z01012
EQ,22-AUG-2011,INE336H01023
EQ,31-MAR-2005,INE852F01015
EQ,04-OCT-2006,INE916G01016
BZ,18-JAN-2007,INE878C01033
EQ,23-JAN-2003,INE727B01026
EQ,16-FEB-2015,INE949P01018
EQ,08-JUL-2005,INE955D01029
EQ,01-JUL-2005,INE007B01023
EQ,19-APR-2000,INE878A01011
EQ,27-NOV-2006,INE017A01032
EQ,30-JUN-2008,INE200A01026
EQ,31-JUL-2003,INE539A01019
EQ,08-MAY-1996,INE289B01019
EQ,25-OCT-2017,INE481Y01014
EQ,14-DEC-2009,INE047B01011
EQ,30-JUL-2003,INE322A01010
EQ,10-MAY-1995,INE424C01010
EQ,08-FEB-1995,INE162A01010
EQ,30-JAN-2009,INE065J01016
EQ,20-JUL-2009,INE528A01020
EQ,15-DEC-2000,INE159A01016
EQ,07-FEB-2000,INE935A01035
EQ,27-OCT-2006,INE792H01019
EQ,03-MAY-2007,INE446C01013
EQ,23-SEP-2009,INE615I01010
EQ,23-AUG-1995,INE075D01018
EQ,17-DEC-1997,INE131A01031
EQ,05-MAR-2018,INE541A01023
EQ,21-AUG-2006,INE776C01039
EQ,26-SEP-2016,INE934S01014
EQ,17-MAY-1995,INE113A01013
EQ,05-JUN-2007,INE426D01013
EQ,26-JUN-2014,INE077F01035
EQ,24-JUL-1996,INE260B01028
EQ,16-OCT-2017,INE850D01014
EQ,20-JUN-2001,INE102D01028
EQ,25-FEB-2003,INE233A01035
EQ,05-JAN-2010,INE484J01027
BZ,16-APR-2010,INE516K01024
EQ,27-APR-2005,INE887G01027
BE,04-JUN-2008,INE020J01029
BE,11-MAR-2016,INE314T01025
BE,08-FEB-1995,INE973A01010
EQ,29-AUG-2005,INE025B01017
EQ,11-APR-2001,INE805A01014
EQ,08-JAN-2015,INE127I01024
EQ,25-APR-2006,INE177H01013
EQ,09-SEP-2010,INE517F01014
EQ,11-JUL-2016,INE390G01014
EQ,20-JUN-2005,INE101D01020
EQ,07-FEB-2003,INE371A01025
EQ,10-MAY-1995,INE047A01021
EQ,16-NOV-2010,INE024L01027
EQ,09-SEP-2004,INE224A01026
EQ,02-MAR-2015,INE544R01013
EQ,06-MAR-1996,INE461C01038
EQ,08-OCT-2010,INE999K01014
EQ,11-SEP-2006,INE536A01023
EQ,14-JUL-2016,INE646C01018
EQ,12-FEB-2015,INE137I01015
EQ,10-OCT-2018,INE382Z01011
EQ,10-SEP-2004,INE580B01029
EQ,15-MAY-2013,INE542A01039
EQ,06-SEP-1995,INE026A01025
EQ,16-JUN-2003,INE264A01014
EQ,16-FEB-2006,INE246F01010
EQ,07-MAR-2008,INE871H01011
BE,29-MAR-1995,INE043A01012
EQ,09-NOV-2006,INE221H01019
EQ,02-AUG-1995,INE537A01013
BE,18-MAY-2006,INE302H01017
EQ,04-JUL-2017,INE869I01013
EQ,19-OCT-2004,INE742B01025
EQ,07-AUG-1997,INE186A01019
EQ,04-JUN-2007,INE826C01016
EQ,25-MAY-1995,INE538A01037
EQ,15-SEP-2015,INE844O01030
BE,09-OCT-1996,INE610B01024
EQ,31-JUL-2014,INE635Q01029
EQ,24-SEP-2004,INE586G01017
EQ,28-JAN-2015,INE255D01024
EQ,27-FEB-2006,INE251H01024
EQ,28-MAR-2018,INE066F01012
EQ,06-APR-2009,INE939D01015
EQ,08-FEB-1995,INE544A01019
EQ,25-FEB-2010,INE982F01036
EQ,20-JUN-2014,INE473B01035
EQ,21-MAR-2001,INE176B01034
BE,16-FEB-2000,INE293B01029
EQ,04-JAN-2007,INE292B01021
EQ,23-JUL-2018,INE550B01022
EQ,01-APR-2003,INE549A01026
EQ,30-MAR-2016,INE075I01017
EQ,01-JAN-1997,INE236A01020
EQ,06-JAN-2000,INE860A01027
EQ,23-OCT-1996,INE001A01036
EQ,06-AUG-2018,INE127D01025
EQ,08-NOV-1995,INE040A01026
EQ,17-NOV-2017,INE795G01014
EQ,24-JUL-2007,INE191I01012
EQ,10-MAY-1995,INE545A01016
EQ,15-MAR-1995,INE578A01017
EQ,19-FEB-2008,INE688E01024
EQ,27-NOV-1996,INE978A01027
EQ,11-APR-2003,INE158A01026
EQ,13-MAR-2015,INE782E01017
BE,20-APR-2012,INE750M01017
EQ,14-JUN-2002,INE093A01033
EQ,09-MAR-2011,INE548A01028
EQ,09-MAR-2018,INE926X01010
EQ,19-JUN-2007,INE170I01016
EQ,24-NOV-2016,INE361M01021
EQ,14-FEB-2001,INE475B01022
EQ,26-APR-1995,INE557A01011
EQ,24-MAY-2007,INE788H01017
EQ,08-FEB-1995,INE049A01027
EQ,08-JAN-1997,INE038A01020
EQ,08-MAY-1996,INE310C01029
EQ,15-SEP-2010,INE531E01026
EQ,21-FEB-2011,INE253A01025
EQ,15-APR-2009,INE952A01022
EQ,23-SEP-2003,INE345A01011
EQ,17-JUN-1998,INE094A01015
EQ,08-FEB-1995,INE155B01012
EQ,24-APR-2007,INE353A01023
EQ,06-JUL-1995,INE030A01027
EQ,21-NOV-2006,INE267A01025
EQ,26-DEC-2006,INE835D01023
EQ,05-JAN-2017,INE598C01011
EQ,07-MAY-2018,INE106T01017
EQ,20-DEC-2007,INE120D01012
EQ,21-JAN-2002,INE127B01011
BZ,29-AUG-2003,INE262A01018
EQ,21-JUL-2010,INE871K01015
EQ,18-JUL-2003,INE671A01010
EQ,01-APR-2003,INE634A01018
EQ,19-JUL-1995,INE102A01024
BE,03-APR-1996,INE275F01019
EQ,27-SEP-2006,INE596H01014
EQ,04-OCT-2016,INE495S01016
EQ,02-MAR-2007,INE019C01026
EQ,31-MAY-2000,INE415A01038
EQ,01-SEP-2005,INE501G01024
EQ,07-FEB-2007,INE703H01016
EQ,19-MAY-2017,INE031A01017
EQ,23-MAR-2007,INE069I01010
EQ,23-JUL-2013,INE148I01020
EQ,18-AUG-2011,INE126M01010
EQ,02-APR-2008,INE274G01010
EQ,17-SEP-1997,INE090A01021
EQ,27-SEP-2017,INE765G01017
EQ,29-SEP-2016,INE726G01019
EQ,12-SEP-2005,INE483B01026
EQ,13-APR-2007,INE725G01011
EQ,20-SEP-1995,INE008A01015
EQ,09-MAR-2007,INE669E01016
EQ,12-AUG-2005,INE043D01016
EQ,06-NOV-2015,INE092T01019
EQ,23-OCT-2017,INE022Q01020
EQ,03-APR-1996,INE076C01018
EQ,29-MAR-1995,INE559A01017
EQ,26-APR-1995,INE039A01010
EQ,14-NOV-2017,INE133Y01011
EQ,09-OCT-2003,INE188B01013
EQ,26-DEC-2003,INE203G01027
EQ,29-JAN-2007,INE204A01010
EQ,17-MAY-2005,INE530B01024
EQ,17-AUG-2010,INE886A01014
BE,25-OCT-2007,INE369I01014
EQ,30-MAR-2010,INE975G01012
EQ,23-JUL-2010,INE919H01018
EQ,07-OCT-2005,INE547E01014
BE,03-FEB-2005,INE691G01015
EQ,08-OCT-2008,INE841B01017
EQ,03-JUL-1996,INE053A01029
EQ,31-MAY-2000,INE383A01012
EQ,01-JUL-2005,INE560A01015
EQ,01-MAR-2007,INE562A01011
EQ,08-JAN-1997,INE061A01014
EQ,30-AUG-1995,INE323C01030
EQ,10-NOV-2015,INE646L01027
EQ,10-JAN-1996,INE065B01013
EQ,07-MAY-1997,INE092B01025
EQ,14-JAN-2005,INE873D01024
BE,20-JUN-2003,INE156A01020
BE,29-SEP-2010,INE866K01015
EQ,21-MAY-2018,INE896L01010
EQ,16-MAR-2006,INE332H01014
EQ,02-NOV-2011,INE337M01013
EQ,14-SEP-2007,INE227G01018
EQ,17-APR-1997,INE681B01017
EQ,02-JUL-1997,INE915B01019
EQ,18-OCT-2004,INE788B01028
EQ,11-MAR-2011,INE611L01021
EQ,28-JAN-1998,INE095A01012
EQ,29-MAR-1995,INE189B01011
EQ,04-APR-2016,INE483S01020
EQ,28-DEC-2012,INE121J01017
EQ,08-FEB-1995,INE009A01021
EQ,15-APR-1999,INE177A01018
EQ,23-FEB-2006,INE312H01016
EQ,09-APR-2015,INE066P01011
EQ,30-MAY-2007,INE070I01018
EQ,30-OCT-2006,INE020G01017
BE,20-AUG-2013,INE418N01027
EQ,18-DEC-2014,INE306R01017
EQ,23-MAR-2017,INE781A01025
EQ,04-AUG-2011,INE878H01016
EQ,07-DEC-2000,INE565A01014
EQ,24-JUL-1996,INE242A01010
EQ,08-NOV-2010,INE485C01011
EQ,13-MAY-2004,INE435A01028
EQ,08-FEB-1995,INE571A01020
EQ,25-FEB-2008,INE821I01014
EQ,28-SEP-2018,INE962Y01013
EQ,04-APR-2018,INE763G01038
EQ,12-APR-2010,INE566K01011
BE,28-AUG-2007,INE732F01019
EQ,23-AUG-1995,INE154A01025
EQ,30-DEC-2016,INE353K01014
EQ,10-FEB-1999,INE686A01026
EQ,15-SEP-2003,INE248A01017
EQ,15-SEP-1999,INE050B01023
EQ,13-SEP-1995,INE043C01018
EQ,08-MAR-2000,INE875A01025
EQ,05-FEB-2007,INE848A01014
EQ,22-JUL-1998,INE168A01041
EQ,22-FEB-2006,INE199G01027
EQ,01-MAR-2000,INE048B01027
EQ,09-DEC-2003,INE091G01018
EQ,26-NOV-1997,INE070D01027
BE,29-FEB-2012,INE343D01010
BE,19-NOV-1997,INE486B01011
EQ,10-DEC-2010,INE039C01032
EQ,17-APR-1996,INE785A01026
EQ,03-JAN-1996,INE571B01028
BE,10-MAY-1995,INE854B01010
EQ,15-FEB-1995,INE364A01020
EQ,29-APR-2003,INE572A01028
EQ,25-FEB-2004,INE187A01017
EQ,17-DEC-2004,INE927D01028
EQ,03-JAN-2000,INE782A01015
EQ,14-MAR-2005,INE802G01018
EQ,21-OCT-2006,INE544H01014
BE,26-NOV-2008,INE026B01049
EQ,07-APR-2005,INE796G01012
EQ,21-JAN-2002,INE197D01010
EQ,29-APR-2003,INE324A01024
EQ,29-DEC-1999,INE749A01030
BE,22-SEP-2009,INE904J01016
EQ,22-DEC-2006,INE742C01031
EQ,25-NOV-2010,INE247D01039
EQ,30-NOV-2011,IN9175A01010
EQ,13-AUG-2001,INE175A01038
BE,27-FEB-2017,INE863T01013
EQ,14-MAR-2006,INE823G01014
EQ,12-FEB-2008,INE576I01022
EQ,19-JUN-2006,INE786A01032
EQ,16-JUN-2005,INE789E01012
EQ,19-MAR-2007,INE573A01042
EQ,16-MAR-2015,INE412C01015
EQ,26-NOV-2007,INE890A01024
EQ,10-OCT-2006,INE780C01023
EQ,02-APR-2007,INE988E01036
EQ,08-OCT-2008,INE839G01010
EQ,14-JUN-2004,INE455F01025
EQ,21-MAY-2010,INE099J01015
EQ,11-NOV-2013,INE147P01019
EQ,18-APR-2005,INE351F01018
EQ,17-NOV-2003,INE220G01021
EQ,28-JAN-2016,INE455T01018
EQ,04-JAN-2010,INE121E01018
EQ,21-JUN-2005,INE824G01012
EQ,23-MAR-2005,INE019A01038
EQ,12-JAN-2004,INE643A01035
EQ,16-JUN-2003,INE700A01033
EQ,08-FEB-2010,INE797F01012
EQ,14-FEB-2011,INE645L01011
EQ,05-JUN-2013,INE599M01018
BZ,17-JUN-2011,INE430G01026
EQ,19-DEC-2007,INE668F01031
BZ,19-JUL-1995,INE197A01024
EQ,06-SEP-1995,INE900B01029
EQ,01-JUN-2004,INE217B01036
EQ,13-DEC-1995,INE437B01014
EQ,15-DEC-2000,INE220B01022
BE,13-FEB-2017,INE610E01010
BE,20-DEC-2007,INE314G01014
EQ,29-MAY-1996,INE967C01018
EQ,09-MAY-2006,INE390H01012
EQ,14-DEC-2011,INE879E01037
EQ,08-FEB-1995,INE138C01024
EQ,15-SEP-2003,INE531A01024
EQ,02-APR-2018,INE278R01018
EQ,28-JUN-2011,INE725L01011
EQ,26-JUL-2000,INE036D01028
EQ,14-DEC-2007,INE234I01010
EQ,29-JAN-2008,INE641C01019
EQ,14-AUG-2015,INE587G01015
EQ,09-APR-1997,INE805C01028
EQ,11-JUN-1997,INE790B01024
EQ,23-MAR-2016,INE291D01011
EQ,10-MAR-2006,INE389H01022
EQ,09-MAR-2010,INE134B01017
EQ,23-MAR-2006,INE878B01027
BE,02-MAR-2016,INE164B01022
BE,20-DEC-2005,INE202H01019
EQ,02-JAN-2007,INE133B01019
EQ,06-SEP-1995,INE087A01019
EQ,26-JUN-1996,INE681C01015
BE,03-MAY-2007,INE299C01024
EQ,14-NOV-2017,INE834I01025
BE,28-JUN-2000,INE761A01019
BE,20-DEC-1995,INE731C01018
BE,07-FEB-2001,INE060B01014
EQ,14-JAN-2011,INE029L01018
EQ,29-SEP-2010,INE729D01010
EQ,15-NOV-2016,INE473D01015
EQ,29-NOV-2016,INE880L01014
EQ,22-APR-2008,INE415I01015
EQ,20-APR-2010,INE732A01036
EQ,24-DEC-2010,INE146L01010
EQ,24-JUN-2010,INE250A01039
EQ,25-SEP-2012,INE602G01020
EQ,13-APR-2006,INE401H01017
EQ,31-MAY-2007,INE157H01023
EQ,18-FEB-2008,INE634I01029
EQ,20-OCT-1999,INE080B01012
EQ,28-JUL-2008,INE760A01029
EQ,13-DEC-2007,INE094I01018
EQ,09-JUN-1999,INE082A01010
EQ,20-DEC-1995,INE237A01028
EQ,13-DEC-2004,INE419A01022
EQ,02-NOV-1996,INE720A01015
EQ,03-JUN-1998,INE823A01017
EQ,24-NOV-1999,INE836A01035
EQ,28-AUG-2007,INE930H01023
EQ,21-JAN-2002,INE001B01026
EQ,03-JAN-1996,INE268B01013
EQ,11-DEC-2015,INE524L01026
EQ,08-FEB-1995,INE999A01015
EQ,04-OCT-2007,INE455I01029
BE,05-OCT-2006,INE216D01026
EQ,14-JUL-2008,INE143H01015
EQ,19-MAY-2010,INE907A01026
EQ,22-DEC-2010,INE096L01025
EQ,10-MAY-2000,INE614B01018
EQ,05-JUL-2011,INE775B01025
EQ,12-AUG-2011,INE498L01015
BZ,26-SEP-2006,INE651C01018
EQ,21-JUN-2000,INE694C01018
EQ,23-DEC-2015,INE600L01024
EQ,04-FEB-2015,INE112F01022
EQ,16-MAR-2007,INE059D01020
BE,21-SEP-2017,INE670X01014
EQ,19-DEC-2016,INE947Q01010
EQ,29-MAR-1995,INE269B01029
EQ,30-APR-1997,INE245C01019
EQ,09-APR-2018,INE970X01018
BE,15-APR-2015,INE850E01012
EQ,30-MAR-2010,INE337A01034
EQ,27-SEP-1995,INE557B01019
EQ,29-JUL-1998,INE115A01026
EQ,17-DEC-2015,INE405C01035
EQ,09-MAR-2015,INE802B01019
EQ,16-JUN-1999,INE473A01011
EQ,05-MAY-2006,INE397H01017
EQ,11-JUL-2008,INE947I01017
EQ,24-MAR-2011,INE597L01014
EQ,12-AUG-2008,INE197J01017
EQ,18-JUL-2016,INE093R01011
EQ,23-JUN-2004,INE018A01030
EQ,21-JUL-2016,INE214T01019
EQ,23-SEP-2016,INE010V01017
EQ,06-SEP-1995,INE162B01018
EQ,16-JAN-2007,INE872H01027
EQ,10-SEP-2001,INE326A01037
EQ,30-NOV-2015,INE150G01020
EQ,08-FEB-1995,INE933A01014
EQ,05-NOV-2013,INE142K01011
EQ,03-JAN-1996,INE101A01026
EQ,17-MAR-2006,INE774D01024
EQ,22-OCT-2007,INE215I01019
EQ,20-DEC-2007,INE925C01016
EQ,05-OCT-2006,INE378D01032
EQ,25-JUL-1997,INE414A01015
EQ,28-JUL-2017,INE347W01011
EQ,27-APR-2004,INE511C01022
EQ,20-SEP-2007,INE387I01016
EQ,12-APR-2004,INE457A01014
BE,21-JAN-1998,INE843B01013
EQ,01-JUL-2016,INE451L01014
EQ,30-AUG-2007,INE536H01010
EQ,10-MAY-2000,INE813A01018
EQ,10-NOV-2017,INE766P01016
EQ,08-FEB-1995,INE288A01013
EQ,25-AUG-2004,INE271B01025
EQ,05-JUL-2011,INE683C01011
EQ,19-AUG-2015,INE898S01029
EQ,05-APR-2006,INE383H01017
EQ,30-MAR-2015,INE859Q01017
EQ,30-MAR-2015,INE830Q01018
EQ,08-JAN-2008,INE015D01022
EQ,30-MAR-2015,INE824Q01011
EQ,06-DEC-2006,INE201A01024
EQ,01-DEC-2014,INE522D01027
EQ,23-MAY-2005,INE584F01014
EQ,22-OCT-2007,INE558B01017
EQ,03-JAN-1996,INE347A01017
EQ,27-JUL-1995,INE805B01012
EQ,24-JUN-2005,INE993A01026
EQ,11-MAR-2010,INE949H01023
EQ,09-JUL-2015,INE122R01018
EQ,14-SEP-2006,INE867A01022
EQ,08-FEB-1995,INE882A01013
EQ,29-SEP-2016,INE182D01020
EQ,01-MAY-1996,INE196A01026
EQ,21-JAN-2002,INE750C01026
EQ,09-JUL-2003,INE585B01010
EQ,18-OCT-2017,INE348L01012
BE,14-OCT-2016,INE885F01015
EQ,10-MAY-1995,INE759A01021
EQ,21-SEP-2017,INE866R01028
EQ,20-MAR-2009,INE636A01039
EQ,14-JUL-2016,INE153U01017
EQ,22-JUN-2016,INE154U01015
EQ,25-SEP-2012,INE040D01038
EQ,01-NOV-2016,INE885E01034
BE,06-OCT-2006,INE748A01016
EQ,11-JAN-2010,INE912H01013
EQ,30-MAY-2007,INE836H01014
EQ,27-SEP-2001,INE854D01024
EQ,29-JUL-2005,INE942G01012
EQ,09-MAR-2012,INE745G01035
BE,19-JUL-2007,INE933B01012
EQ,28-JUN-2007,INE974H01013
BE,07-MAR-2000,INE817A01019
EQ,09-MAR-2015,INE071D01033
EQ,06-MAY-2015,INE776I01010
EQ,20-JUN-2005,INE934B01028
EQ,24-APR-1996,INE199A01012
EQ,23-AUG-1995,INE425A01011
BE,30-JUN-2008,INE592I01029
EQ,17-MAY-2000,INE180A01020
EQ,01-JUL-2016,INE002S01010
EQ,16-JUL-2009,INE998I01010
EQ,30-MAY-2007,INE287C01029
EQ,04-APR-2018,INE099Z01011
EQ,16-OCT-2014,INE842C01021
EQ,02-FEB-2007,INE405E01023
EQ,02-AUG-2016,INE110B01017
EQ,07-MAR-2007,INE018I01017
EQ,24-MAY-2004,INE831A01028
EQ,28-APR-1999,INE771A01026
EQ,20-DEC-2006,INE227C01017
EQ,09-APR-2012,INE123F01029
BE,07-FEB-1996,INE832A01018
EQ,14-MAR-2013,INE954E01012
EQ,10-APR-1996,INE313D01013
EQ,15-DEC-2010,INE490G01020
EQ,07-JUL-2016,INE835B01035
EQ,23-FEB-2015,INE893J01029
EQ,19-JAN-2000,INE274B01011
EQ,19-DEC-2014,INE950M01013
EQ,14-SEP-2012,INE161G01027
EQ,24-NOV-1999,INE083A01026
BZ,02-MAY-2003,INE739A01015
EQ,14-AUG-1996,INE775A01035
EQ,11-SEP-2007,INE338I01027
EQ,08-FEB-1995,INE861B01015
EQ,04-JUN-2004,INE356A01018
EQ,21-JAN-2002,INE943D01017
EQ,18-SEP-1996,INE883A01011
EQ,01-NOV-2000,INE398B01018
EQ,07-JAN-2005,INE103A01014
EQ,18-JUL-2005,INE752G01015
EQ,12-APR-2012,INE472M01018
EQ,17-FEB-1999,INE153A01019
EQ,28-JUN-2000,INE022B01014
EQ,23-FEB-2004,INE304A01026
EQ,12-SEP-2000,INE374B01019
EQ,19-JUL-2006,INE672B01032
EQ,12-MAY-2003,INE577A01027
EQ,28-MAY-2004,INE692B01014
EQ,24-AUG-2015,INE296G01013
EQ,06-MAY-2011,INE414G01012
EQ,30-JUN-2008,INE744I01034
EQ,07-APR-2017,INE295D01020
EQ,15-JUN-2016,INE454M01024
EQ,28-MAR-2012,INE453M01018
EQ,18-SEP-2007,INE245I01016
EQ,18-JUN-2007,INE123B01028
EQ,11-MAR-2008,INE049I01012
EQ,15-DEC-2005,INE289A01011
EQ,23-MAR-2007,INE308A01027
EQ,23-MAR-2007,INE290A01027
EQ,27-DEC-1995,INE987B01026
EQ,28-JAN-2014,INE448G01010
EQ,28-APR-1999,INE139A01034
EQ,26-SEP-2002,INE088B01015
EQ,21-NOV-2006,INE663F01024
EQ,01-JUN-2007,INE048G01026
EQ,09-SEP-2015,INE278M01019
EQ,08-FEB-1995,INE060A01024
EQ,12-APR-2012,INE095N01031
EQ,23-NOV-2016,INE365I01020
EQ,03-APR-1996,INE725A01022
EQ,14-OCT-2003,INE868B01028
EQ,03-APR-2007,INE732C01016
EQ,29-AUG-2016,INE756C01015
EQ,23-MAR-2012,INE875G01030
EQ,19-MAY-2004,INE155G01029
EQ,02-MAR-2016,INE553C01016
EQ,18-JUL-2005,INE023H01027
EQ,27-JUN-2007,INE189I01024
EQ,28-MAY-2003,INE045B01015
EQ,08-APR-2008,INE317F01035
EQ,08-JAN-2010,INE239A01016
EQ,02-FEB-2007,INE870H01013
EQ,13-OCT-2008,INE794A01010
EQ,29-JAN-2018,INE619B01017
BE,04-APR-2001,INE747B01016
EQ,28-DEC-2006,INE870D01012
EQ,06-JAN-2016,INE410P01011
EQ,01-SEP-2009,INE848E01016
EQ,13-NOV-2017,INE470Y01017
EQ,09-APR-2013,INE047O01014
EQ,16-AUG-2004,INE161A01038
EQ,30-AUG-2004,INE591G01017
EQ,21-MAY-2015,INE937C01029
EQ,28-DEC-2018,INE00S901012
EQ,01-NOV-1995,INE310A01015
EQ,06-OCT-1999,INE567A01010
BE,27-OCT-2016,INE326T01011
EQ,21-MAR-2006,INE858F01012
EQ,13-MAY-2010,INE639K01016
EQ,05-JUN-2007,INE489H01020
EQ,02-FEB-2006,INE229H01012
EQ,07-JUL-1995,INE542C01019
EQ,23-AUG-2000,INE589A01014
EQ,03-MAR-2008,INE584A01023
EQ,17-JAN-1996,INE163A01018
EQ,06-DEC-2002,INE781B01015
EQ,26-JUN-1996,INE369C01017
EQ,05-APR-2017,INE740D01017
EQ,08-MAR-2000,INE349A01021
EQ,17-NOV-2003,INE023A01030
BE,11-SEP-2013,INE333I01036
EQ,05-NOV-2004,INE733E01010
EQ,19-DEC-2002,INE096B01018
EQ,27-AUG-2008,INE318J01027
EQ,20-OCT-2010,INE093I01010
EQ,27-JAN-2016,INE321D01016
EQ,28-JUN-2002,INE881D01027
EQ,30-SEP-2009,INE274J01014
EQ,30-AUG-1995,INE591A01010
EQ,01-AUG-2008,INE196J01019
EQ,20-MAR-2002,INE260D01016
EQ,20-FEB-2003,INE090B01011
EQ,09-AUG-2007,INE800H01010
BE,10-FEB-2011,INE474L01016
EQ,17-JUN-2011,INE239D01028
BE,17-OCT-2011,INE912L01015
EQ,19-JUL-1995,INE213A01029
EQ,19-FEB-2008,INE809I01019
EQ,07-MAR-2001,INE229A01017
EQ,08-AUG-2017,INE350C01017
EQ,25-AUG-2003,INE808B01016
EQ,05-NOV-2013,INE231G01010
BZ,02-JUL-1997,INE191A01019
EQ,24-JUL-2015,INE730A01022
EQ,15-DEC-2005,INE569C01020
EQ,07-MAR-2007,INE998H01012
EQ,02-JUL-1997,INE141A01014
EQ,14-FEB-2007,INE607D01018
EQ,12-JUL-2013,INE876N01018
EQ,14-MAY-2018,INE142Z01019
EQ,27-AUG-1998,INE750A01020
EQ,03-MAR-2010,INE609C01024
EQ,29-MAR-1995,INE592A01026
EQ,12-MAR-2012,INE743M01012
EQ,29-SEP-2010,INE725E01024
BE,19-MAR-2015,INE849L01019
EQ,21-AUG-2015,INE749B01012
EQ,29-MAR-1995,INE142A01012
EQ,12-APR-1995,INE766A01018
EQ,16-MAR-2007,INE761H01022
EQ,17-OCT-2011,INE420C01042
EQ,28-JUL-2017,INE471W01019
EQ,09-MAY-2016,INE218G01033
EQ,17-APR-1996,INE922B01023
EQ,30-SEP-2011,INE305C01029
EQ,01-OCT-2004,INE275B01026
BE,01-JUL-2010,INE618H01016
EQ,03-JAN-2007,INE074B01023
EQ,19-MAY-2016,INE883N01014
EQ,30-NOV-2006,INE561H01026
EQ,24-FEB-2005,INE244B01030
EQ,11-JAN-2008,INE529D01014
EQ,10-MAY-1995,INE790C01014
EQ,24-NOV-2005,INE160H01019
EQ,27-DEC-2012,INE785M01013
EQ,30-MAR-2016,INE865T01018
BE,19-AUG-2010,INE904D01019
EQ,21-OCT-2014,INE111Q01013
EQ,11-OCT-1995,INE844A01013
EQ,08-FEB-1995,INE140A01024
EQ,25-NOV-2010,INE932A01024
EQ,08-FEB-1995,INE138A01028
EQ,10-SEP-2015,INE455O01019
EQ,06-APR-2010,INE262H01013
EQ,27-DEC-1995,INE742A01019
EQ,26-MAR-2004,INE347G01014
EQ,23-FEB-2007,INE134E01011
EQ,28-APR-1999,INE182A01018
EQ,20-JUN-2006,INE367G01038
EQ,30-MAR-2011,INE560K01014
EQ,26-SEP-2011,INE457L01011
EQ,07-JUL-2004,INE179A01014
EQ,15-FEB-2007,INE940H01014
EQ,29-MAR-1995,INE602A01023
EQ,23-APR-2007,INE211B01039
EQ,29-MAR-1995,INE318A01026
EQ,15-JUN-2011,INE603J01030
BE,08-DEC-2015,INE417C01014
BE,07-OCT-2013,INE600A01035
EQ,15-JUN-2010,INE889E01010
EQ,16-MAY-2006,INE156C01018
BE,29-MAY-2008,INE122J01015
EQ,02-FEB-2007,INE450D01021
BE,19-AUG-2015,INE431F01018
EQ,28-DEC-2006,INE083C01022
EQ,24-APR-2002,INE160A01022
EQ,18-SEP-2000,INE859A01011
EQ,07-NOV-2016,INE572E01012
EQ,11-DEC-2000,INE392B01011
EQ,26-MAY-2015,INE195J01029
EQ,10-APR-2017,INE888B01018
EQ,22-NOV-2016,INE371C01013
EQ,07-JUL-2016,INE637C01025
EQ,07-DEC-2011,INE205C01021
EQ,11-APR-2003,INE633B01018
EQ,16-APR-2002,INE838E01017
EQ,05-OCT-2007,INE752E01010
EQ,26-AUG-2015,INE211R01019
EQ,11-JAN-2008,INE095I01015
EQ,21-SEP-2015,INE302M01033
BE,05-APR-2010,INE495J01015
EQ,02-JAN-2007,INE505C01016
EQ,11-OCT-1995,INE074A01025
EQ,10-MAY-1995,INE603A01013
EQ,04-OCT-2011,INE023M01027
EQ,25-AUG-2010,INE696K01024
EQ,31-JAN-2018,INE546Y01022
EQ,08-FEB-2016,INE484I01029
EQ,19-AUG-2005,INE283A01014
EQ,06-SEP-1995,INE372C01029
EQ,17-JUN-2016,INE863B01011
EQ,03-APR-1996,INE342A01018
EQ,13-DEC-1995,INE309M01012
EQ,05-JAN-2005,INE980A01023
EQ,27-OCT-2010,INE811K01011
EQ,10-FEB-2017,INE726V01018
EQ,17-JUN-2005,INE032B01021
BE,16-OCT-2012,INE217G01027
BE,26-MAR-2012,INE968G01033
EQ,12-SEP-2012,INE195N01013
EQ,20-AUG-2003,INE010A01011
EQ,30-DEC-2010,INE608A01012
EQ,29-MAY-2003,INE474B01017
EQ,29-MAY-2017,INE488V01015
EQ,07-APR-2004,INE877F01012
EQ,29-JAN-2007,INE034D01031
EQ,08-MAR-2007,INE277B01014
EQ,06-JAN-2006,INE701B01021
EQ,30-AUG-2007,INE323I01011
EQ,03-APR-1996,INE362A01016
EQ,04-JAN-2006,INE191H01014
EQ,12-JUL-2016,INE615P01015
EQ,18-FEB-2016,INE306L01010
BE,20-DEC-2000,INE033B01011
BE,27-FEB-2003,INE874F01027
EQ,18-JUN-2003,INE944F01028
EQ,17-MAR-2017,INE919I01016
EQ,03-MAR-2008,INE855B01025
BE,02-JUN-2010,INE028D01025
EQ,09-FEB-2000,INE343B01030
BZ,04-JAN-2007,INE533D01024
EQ,29-MAR-1995,INE562B01019
EQ,16-MAR-2007,INE952H01027
BE,20-SEP-2005,INE011H01014
EQ,01-APR-1999,INE613A01020
EQ,20-SEP-2006,INE278B01020
EQ,19-AUG-2015,INE230R01027
EQ,09-APR-1997,INE331A01037
EQ,06-NOV-1996,INE614A01028
EQ,12-APR-2000,INE246B01019
BE,29-MAR-1995,INE410D01017
EQ,08-OCT-2010,INE874I01013
BZ,09-JUL-2007,INE005D01015
EQ,24-FEB-2005,INE625B01014
EQ,24-JUN-2008,INE222J01013
EQ,24-SEP-1997,INE384A01010
EQ,09-MAY-2006,INE703B01027
EQ,18-OCT-1995,INE301A01014
EQ,20-JUN-2008,INE244J01017
EQ,31-AUG-2016,INE976G01028
EQ,07-JAN-1998,INE027A01015
EQ,06-MAR-2006,INE330H01018
EQ,12-MAR-2008,INE020B01018
EQ,15-FEB-2007,INE891D01026
EQ,03-DEC-2009,INE056I01017
BE,05-JUN-1996,INE277C01012
EQ,17-JUN-2011,INE131B01039
EQ,29-NOV-1995,INE013A01015
EQ,29-NOV-1995,INE002A01018
EQ,21-NOV-2007,INE621H01010
EQ,08-FEB-1995,INE036A01016
EQ,31-JAN-1996,INE474C01015
EQ,31-OCT-2005,INE087H01022
EQ,01-APR-2013,INE612J01015
EQ,22-DEC-2005,INE461B01014
EQ,29-OCT-2010,INE688D01026
EQ,11-AUG-2005,INE617A01013
EQ,22-SEP-2017,INE217K01011
EQ,12-MAY-2003,INE209B01025
EQ,29-NOV-1995,INE046A01015
EQ,02-JUL-2018,INE320J01015
EQ,12-DEC-2007,INE722H01016
EQ,27-DEC-2010,INE722J01012
EQ,05-MAY-2004,INE399G01015
EQ,26-NOV-2007,INE172H01014
EQ,30-AUG-2005,INE050H01012
EQ,06-NOV-2017,INE298J01013
EQ,09-OCT-2009,INE542F01012
BE,13-APR-2006,INE248H01012
EQ,06-FEB-2006,INE283H01019
EQ,22-NOV-2016,INE927A01040
EQ,01-MAR-1995,INE293A01013
EQ,25-SEP-2012,INE847C01020
EQ,10-JUN-2008,INE105J01010
EQ,11-FEB-2008,INE614G01033
EQ,06-DEC-2010,INE324L01013
EQ,19-MAY-1999,INE165B01029
EQ,15-FEB-1995,INE611A01016
EQ,26-APR-2006,INE411H01032
EQ,30-JUL-2012,INE834M01019
EQ,30-OCT-2009,INE399K01017
EQ,29-MAR-1995,INE301D01026
BE,16-OCT-1996,INE413B01023
EQ,20-DEC-2006,INE803H01014
BE,02-JAN-2003,INE619A01027
EQ,07-DEC-2011,INE895B01021
EQ,07-JUL-2011,INE573K01017
EQ,15-SEP-2016,INE860T01019
EQ,16-NOV-2007,INE416A01036
EQ,01-MAR-2006,INE226H01026
EQ,16-SEP-2015,INE764L01010
EQ,25-JAN-2019,INE976T01013
EQ,29-JAN-2007,INE229C01013
EQ,06-JUL-1995,INE114A01011
EQ,06-SEP-1995,INE623A01011
EQ,09-MAY-2005,INE667G01015
EQ,08-MAR-2006,INE190H01024
EQ,25-JUL-2017,INE170V01019
EQ,16-JUN-2016,INE498E01010
EQ,15-FEB-1995,INE924A01013
EQ,24-NOV-2004,INE658G01014
EQ,02-DEC-2015,INE457F01013
EQ,05-JUN-1996,INE699B01027
EQ,22-NOV-2016,INE782L01012
EQ,26-NOV-2002,INE583B01015
EQ,02-APR-2018,INE278H01035
EQ,17-JUL-1996,INE495C01010
EQ,10-MAY-1995,INE999B01013
EQ,23-MAY-2011,INE263L01013
EQ,24-JAN-2007,INE989A01024
EQ,19-MAY-2003,INE058A01010
EQ,27-MAR-2006,INE890C01046
EQ,03-DEC-2009,INE385C01013
EQ,30-JUL-1997,INE979A01017
EQ,19-JAN-2007,INE453D01025
EQ,09-SEP-2005,INE231F01020
EQ,05-OCT-2010,INE019J01013
EQ,27-DEC-2006,INE176C01016
EQ,26-AUG-2015,INE836B01017
EQ,03-OCT-2017,INE123W01016
EQ,01-MAR-1995,INE062A01020
EQ,10-OCT-2017,INE224E01036
EQ,29-NOV-2000,INE513A01014
EQ,09-MAY-2017,INE807K01035
EQ,20-MAR-2012,INE839M01018
EQ,13-AUG-1997,INE109A01011
EQ,18-MAR-2014,INE480C01012
EQ,28-JUN-1995,INE497B01018
EQ,26-SEP-2006,INE818A01017
BE,21-AUG-2007,INE105I01012
EQ,27-JUL-2012,INE735M01018
EQ,10-MAR-2016,INE807F01027
EQ,29-MAR-1995,INE630A01016
EQ,01-JUL-2016,INE878E01021
EQ,09-DEC-2016,INE916U01025
BE,22-MAY-2007,INE883G01018
EQ,10-APR-2006,INE353H01010
EQ,16-JUN-2005,INE640C01011
EQ,29-JAN-2015,INE908D01010
EQ,15-DEC-2017,INE597J01018
EQ,03-MAR-2008,INE849C01026
EQ,05-APR-2017,INE274V01019
EQ,17-JAN-1996,INE631A01022
EQ,23-SEP-2014,INE221J01015
EQ,03-SEP-2015,INE597I01010
BZ,07-DEC-2011,INE028B01029
EQ,01-OCT-2014,INE363M01019
EQ,03-DEC-2009,INE790G01031
BZ,08-APR-2011,INE510K01019
EQ,21-MAR-2001,INE196B01016
EQ,21-NOV-2006,INE637H01024
EQ,26-FEB-2018,INE644Y01017
EQ,26-DEC-2017,INE705C01020
EQ,16-NOV-2015,INE500L01026
EQ,23-MAY-2005,INE498B01024
EQ,26-APR-1995,INE070A01015
EQ,10-SEP-2015,INE712K01011
EQ,13-MAR-2000,INE879A01019
EQ,06-NOV-1996,INE231C01019
EQ,01-MAR-1995,INE757B01015
BE,02-JUN-2016,INE526E01018
EQ,04-APR-2005,INE722A01011
EQ,20-FEB-2008,INE964H01014
EQ,28-JUL-2015,INE979R01011
EQ,06-NOV-2006,INE635A01023
EQ,21-AUG-2008,INE176J01011
EQ,28-APR-1999,INE075B01012
EQ,06-SEP-1995,INE003A01024
EQ,29-AUG-2018,INE529F01035
BE,27-JAN-2004,INE173A01025
EQ,22-MAY-1996,INE923A01015
EQ,14-MAR-2016,INE748T01016
EQ,09-MAR-2004,INE059B01024
EQ,05-NOV-1998,INE429C01035
EQ,10-AUG-2017,INE285J01010
BE,07-APR-2008,INE686I01011
EQ,10-JAN-2007,INE965H01011
EQ,29-JAN-2007,INE076B01028
EQ,20-MAY-2010,INE002L01015
EQ,27-JAN-1999,INE640A01023
BE,09-OCT-1996,INE429F01012
EQ,27-MAY-2015,INE439E01022
EQ,14-MAR-1997,INE411D01015
EQ,11-APR-2001,INE178C01020
EQ,29-AUG-2003,INE294B01019
BE,09-MAR-2010,INE215G01021
EQ,17-AUG-2017,INE320X01016
EQ,28-FEB-2007,INE812G01025
EQ,12-SEP-2014,INE734N01019
EQ,20-DEC-2006,INE671H01015
EQ,27-JUN-2018,INE624Z01016
EQ,03-APR-2006,INE343H01029
EQ,22-NOV-1995,INE355A01028
EQ,14-AUG-1996,INE314C01013
EQ,18-JUL-2016,INE323J01019
EQ,28-JUL-1999,INE269A01021
EQ,06-DEC-2005,INE034H01016
EQ,28-JUN-1995,INE035D01012
EQ,08-DEC-1998,INE683A01023
EQ,12-AUG-2016,INE212I01016
EQ,18-JUL-2007,INE232I01014
BE,10-JAN-2017,INE970N01027
EQ,30-MAY-2012,INE247M01014
EQ,25-JAN-2019,INE020801028
BE,20-DEC-2006,INE376C01020
EQ,10-JAN-1996,INE147A01011
EQ,27-MAY-2008,INE927C01020
EQ,26-JUL-2005,INE978G01016
EQ,14-FEB-1996,INE937A01023
EQ,08-AUG-2017,INE501W01021
BE,12-JAN-2011,INE268L01020
EQ,26-OCT-2009,INE201K01015
EQ,01-JAN-2014,INE099F01013
EQ,20-DEC-1995,INE872A01014
EQ,18-AUG-2003,INE647A01010
EQ,08-MAY-2007,INE917H01012
EQ,28-AUG-2007,INE943C01027
BZ,16-SEP-2011,INE219H01039
EQ,11-DEC-1996,INE721A01013
EQ,06-JUN-2005,INE802C01017
EQ,25-JUL-2016,INE224E01028
EQ,02-FEB-2000,INE939A01011
EQ,16-JUN-2017,INE460H01021
EQ,13-SEP-1995,INE733A01018
EQ,01-APR-2003,INE655A01013
EQ,20-JUL-2017,INE503B01013
EQ,09-FEB-2011,INE577L01016
EQ,02-FEB-2006,INE334A01023
EQ,06-DEC-1995,INE090C01019
EQ,08-DEC-2000,INE089C01029
BE,10-JUL-1996,INE845C01016
EQ,05-SEP-2003,INE754A01014
EQ,13-JUL-2005,INE287B01021
EQ,25-MAY-1995,INE659A01023
BE,19-FEB-2008,INE216G01011
EQ,10-DEC-2010,INE235C01010
EQ,28-JAN-2011,INE519C01017
EQ,23-OCT-2012,INE105A01035
EQ,02-JUN-2010,INE108E01023
EQ,07-JAN-1998,INE660A01013
EQ,26-MAR-2018,INE202Z01029
EQ,17-JUL-1996,INE073D01013
EQ,07-JUN-2000,INE387A01021
EQ,29-SEP-2005,INE947A01014
BE,02-MAR-2006,INE305H01028
EQ,08-FEB-1995,INE044A01036
EQ,13-NOV-2009,INE805D01034
EQ,24-APR-2006,INE424H01027
EQ,26-SEP-2014,INE712B01010
EQ,08-JUL-2004,INE662A01027
EQ,13-OCT-1999,INE663A01017
EQ,18-FEB-2005,INE399C01030
EQ,19-JUL-1995,INE195A01028
EQ,18-OCT-2007,INE550H01011
EQ,07-JAN-2011,INE272L01022
EQ,22-MAY-2002,INE130B01031
EQ,15-JUN-2005,INE713B01026
EQ,10-MAY-1995,INE335A01012
EQ,14-DEC-2006,INE645H01027
EQ,23-OCT-2003,INE495B01038
EQ,19-OCT-2005,INE040H01021
EQ,29-MAY-2012,INE665A01038
EQ,06-DEC-1995,INE277A01016
EQ,09-MAY-2006,INE409B01013
EQ,15-JUN-2011,INE225D01027
BE,15-FEB-2010,INE602K01014
EQ,22-DEC-1999,INE667A01018
EQ,11-AUG-2015,INE398R01022
EQ,27-JUL-1995,INE123C01018
EQ,20-DEC-2000,INE586B01026
EQ,27-AUG-2007,INE142I01023
EQ,29-SEP-2006,INE187D01011
EQ,10-MAY-2010,INE502K01016
EQ,29-JUN-2018,INE627Z01019
EQ,05-JAN-2007,INE483C01032
BE,19-FEB-2008,INE388G01018
BE,06-DEC-2012,INE799L01016
EQ,18-MAY-2010,INE747K01017
EQ,09-JUL-2007,INE924H01018
EQ,23-MAR-2017,INE488B01017
EQ,01-APR-1999,INE092A01019
EQ,16-FEB-2000,INE493A01027
EQ,12-APR-1995,INE151A01013
EQ,17-SEP-2003,INE670A01012
EQ,18-NOV-1998,INE192A01025
EQ,24-JUN-1998,INE672A01018
EQ,27-MAY-2003,INE056C01010
EQ,22-JUL-1998,INE155A01022
EQ,05-NOV-2008,IN9155A01020
EQ,03-APR-1996,INE245A01021
EQ,24-FEB-2003,INE674A01014
EQ,18-NOV-1998,INE081A01012
BE,21-NOV-2003,INE824B01021
EQ,09-MAY-2012,INE760L01018
EQ,21-JAN-2002,INE688A01022
EQ,19-APR-2011,INE662L01016
EQ,15-DEC-2016,INE586V01016
EQ,21-MAY-1997,INE911B01018
EQ,30-JUL-2018,INE778U01029
EQ,17-OCT-2017,INE822C01015
EQ,25-AUG-2004,INE467B01029
EQ,08-SEP-2011,INE419M01019
EQ,12-FEB-2016,INE985S01024
BE,08-SEP-2011,INE778A01021
EQ,28-AUG-2006,INE669C01036
EQ,04-DEC-2018,INE285K01026
EQ,16-JUL-2010,INE509K01011
EQ,27-JUN-2017,INE010J01012
EQ,29-DEC-2016,INE482B01010
EQ,09-SEP-2004,INE435C01024
EQ,10-MAR-2010,INE141K01013
EQ,03-MAR-2011,INE621L01012
EQ,26-JUL-2000,INE305A01015
EQ,26-FEB-2007,INE804H01012
EQ,17-MAY-2007,INE797H01018
EQ,19-FEB-2010,INE085J01014
EQ,02-AUG-2017,INE924D01017
EQ,02-APR-2007,INE083B01016
EQ,30-AUG-1995,INE152A01029
BE,02-MAY-1995,INE409A01015
EQ,07-JUN-2000,INE332A01027
BE,30-JAN-2012,INE480M01011
EQ,09-MAY-2016,INE594H01019
EQ,16-JUL-2010,INE133E01013
EQ,16-JAN-2007,INE484C01022
EQ,25-SEP-2017,INE149A01033
EQ,12-FEB-2007,INE545H01011
EQ,02-NOV-2017,INE974X01010
EQ,14-OCT-2011,INE440L01017
EQ,27-SEP-1995,INE806C01018
EQ,11-JUN-2002,INE289C01025
EQ,13-JUN-2007,INE508G01029
EQ,06-FEB-2007,INE325A01013
EQ,27-JAN-2006,INE422C01014
EQ,10-NOV-2000,INE716B01011
EQ,14-MAY-2003,INE338A01024
EQ,24-SEP-2004,INE280A01028
EQ,14-DEC-2016,INE759V01019
EQ,27-OCT-1999,INE148A01019
EQ,14-FEB-1996,INE107A01015
BE,04-FEB-2003,INE141D01018
EQ,11-OCT-1995,INE932C01012
EQ,25-NOV-2002,INE685A01028
EQ,28-NOV-2006,INE813H01021
EQ,20-MAY-2015,INE413G01014
EQ,26-AUG-2011,INE040M01013
EQ,28-DEC-2018,INE00CA01015
EQ,07-JUN-2004,INE849A01020
EQ,26-MAR-2010,INE391D01019
EQ,21-FEB-2001,INE064C01014
EQ,09-APR-1998,INE948A01012
EQ,28-DEC-2007,INE763I01026
EQ,28-OCT-2011,INE152M01016
EQ,13-DEC-2005,INE256C01024
EQ,02-DEC-2015,INE910C01018
EQ,22-DEC-1999,INE690A01010
EQ,22-FEB-2007,INE592B01016
EQ,20-OCT-2000,INE517B01013
EQ,08-FEB-2007,INE886H01027
EQ,26-DEC-2003,INE236G01019
EQ,02-AUG-2000,INE494B01023
EQ,13-FEB-2007,INE421C01016
EQ,16-JAN-2004,INE038F01029
EQ,15-SEP-2016,INE871L01013
EQ,21-APR-2008,INE615H01020
EQ,28-JUL-2008,INE686F01025
EQ,13-SEP-1995,INE139B01016
EQ,09-OCT-2003,INE691A01018
EQ,23-AUG-1995,INE516A01017
EQ,14-MAY-2015,INE527H01019
EQ,23-AUG-2010,INE071E01023
EQ,20-OCT-2011,INE899L01022
EQ,10-MAY-2016,INE334L01012
EQ,24-AUG-2004,INE481G01011
EQ,02-DEC-2015,INE864B01027
EQ,12-JUL-2010,INE240C01028
EQ,07-FEB-2001,INE351A01035
EQ,23-JAN-2004,INE037A01022
EQ,24-SEP-2002,INE692A01016
EQ,08-MAR-2007,INE950G01023
BE,08-SEP-1999,INE694A01020
EQ,18-MAR-2010,INE695A01019
EQ,28-JAN-2015,INE458F01011
BZ,12-JUN-2006,INE466H01028
EQ,17-MAY-1995,INE279A01012
EQ,23-JAN-2004,INE628A01036
EQ,28-MAR-2017,INE550C01020
EQ,11-OCT-2000,INE228A01035
BE,30-JUL-2010,INE235G01011
EQ,25-MAY-1995,INE699A01011
EQ,10-APR-2006,INE786F01031
BE,24-JUN-2016,INE292A01023
EQ,04-JUL-2007,INE945H01013
EQ,15-JUN-2011,INE694D01016
EQ,05-APR-2004,INE884A01019
EQ,03-APR-2006,INE051B01021
EQ,30-SEP-2003,INE116G01013
EQ,12-MAY-2003,INE835A01011
EQ,06-JUL-2018,INE665L01035
EQ,15-FEB-2010,INE893I01013
EQ,20-SEP-2011,INE590L01019
EQ,08-NOV-2016,INE200M01013
EQ,13-MAY-1998,INE205A01025
EQ,28-JUL-2003,INE398A01010
EQ,20-DEC-2006,INE411B01019
EQ,04-OCT-2002,INE386A01015
EQ,29-APR-2015,INE918N01018
EQ,13-MAR-2008,INE951I01027
EQ,30-JUN-2005,INE701A01023
BE,21-AUG-2007,INE048C01017
BZ,31-JUL-1996,INE703A01011
EQ,02-MAR-2016,INE632C01026
EQ,10-JAN-2001,INE705A01016
EQ,11-JUL-2016,INE159N01027
BE,21-MAY-2008,INE806F01011
EQ,12-DEC-2011,INE806A01020
BE,21-MAY-2013,INE067D01015
EQ,15-DEC-2005,INE579C01029
EQ,28-JUL-2009,INE410B01029
EQ,08-FEB-1995,INE707A01012
EQ,21-JUL-2008,INE250B01029
EQ,06-AUG-2007,INE450G01024
EQ,02-MAR-2005,INE054A01027
BE,23-APR-2015,INE946H01037
EQ,28-AUG-1996,INE392A01013
EQ,17-MAR-2006,INE286H01012
BE,14-JAN-2000,INE861A01058
EQ,05-MAR-2015,INE270I01014
EQ,21-MAY-2013,INE370E01029
EQ,17-AUG-2005,INE526G01021
EQ,25-MAY-1995,INE709A01018
EQ,20-FEB-2013,INE665J01013
EQ,20-SEP-2006,INE540H01012
EQ,12-APR-1995,INE226A01021
EQ,30-APR-2015,INE366I01010
EQ,17-MAY-2012,INE050M01012
EQ,05-SEP-2003,INE710A01016
EQ,20-JUN-2011,INE764D01017
EQ,14-JAN-2003,INE825A01012
EQ,13-OCT-2010,INE956G01038
EQ,01-OCT-2008,INE342J01019
EQ,18-SEP-1996,INE711A01022
BE,29-JAN-2007,INE107F01022
EQ,15-MAY-2007,INE855C01015
EQ,28-JUN-2011,INE726L01019
EQ,10-MAY-1995,INE080A01014
EQ,24-MAY-2005,INE191B01025
EQ,04-NOV-2004,INE625G01013
EQ,20-SEP-2010,INE389K01018
EQ,04-DEC-2003,INE192B01031
EQ,07-AUG-2006,INE274C01019
EQ,07-APR-2000,INE715A01015
EQ,06-APR-2010,INE716A01013
EQ,08-FEB-1995,INE210A01017
EQ,17-AUG-2011,INE052A01021
BE,25-AUG-2011,INE784B01035
BE,17-APR-2017,INE215F01023
EQ,08-NOV-1995,INE075A01022
EQ,23-FEB-2000,INE049B01025
EQ,09-MAY-2014,INE066O01014
BE,01-AUG-2007,INE100D01014
EQ,17-JAN-2001,INE976A01021
EQ,09-MAR-2005,INE692G01013
EQ,04-FEB-2019,INE01P501012
BE,28-DEC-2006,INE183H01011
EQ,27-APR-2004,INE445C01015
EQ,12-JUL-2005,INE528G01027
EQ,09-SEP-1998,INE256A01028
EQ,20-DEC-2010,INE565L01011
EQ,10-JAN-2007,INE966H01019
BE,30-APR-2007,INE318D01020
EQ,10-JUL-1996,INE058B01018
EQ,09-JUL-2003,INE520A01027
EQ,30-MAR-2015,INE251B01027
EQ,18-APR-2006,INE871B01014
EQ,27-SEP-1995,INE206B01013
EQ,19-JUL-1995,INE077B01018
EQ,27-NOV-2012,INE840M01016
EQ,12-APR-1995,INE217A01012
EQ,13-NOV-2009,INE768C01010
